{"cameraMode":{"drawMode":0,"name":"Shaded","section":"Shading Mode"},"sceneLighting":false,"audioPlay":false,"sceneViewState":{"showFog":true,"showMaterialUpdate":true,"showSkybox":true,"showFlares":true,"showImageEffects":true,"showParticleSystems":true},"in2DMode":false,"pivot":{"x":-50.85832214355469,"y":4.056358814239502,"z":-55.17845153808594},"rotation":{"x":0.06825821101665497,"y":0.5361698269844055,"z":-0.043547965586185458,"w":0.8402858376502991},"size":48.37633514404297,"orthographic":false}