{"cameraMode":{"drawMode":0,"name":"Shaded","section":"Shading Mode"},"sceneLighting":false,"audioPlay":false,"sceneViewState":{"showFog":true,"showMaterialUpdate":true,"showSkybox":false,"showFlares":true,"showImageEffects":true,"showParticleSystems":true},"in2DMode":false,"pivot":{"x":3.9833290576934816,"y":0.8682365417480469,"z":-4.982280731201172},"rotation":{"x":-0.0618659183382988,"y":-0.7184091806411743,"z":0.06406018137931824,"w":-0.6902920603752136},"size":1.4289418458938599,"orthographic":false}