{"cameraMode":{"drawMode":0,"name":"Shaded","section":"Shading Mode"},"sceneLighting":false,"audioPlay":false,"sceneViewState":{"showFog":true,"showMaterialUpdate":false,"showSkybox":false,"showFlares":true,"showImageEffects":true,"showParticleSystems":true},"in2DMode":false,"pivot":{"x":534.0086059570313,"y":808.8646240234375,"z":-14.538818359375},"rotation":{"x":-0.005959527101367712,"y":0.11524387449026108,"z":0.0006938245496712625,"w":0.9933366179466248},"size":2913.27685546875,"orthographic":false}