{"cameraMode":{"drawMode":0,"name":"Shaded","section":"Shading Mode"},"sceneLighting":true,"audioPlay":false,"sceneViewState":{"showFog":true,"showMaterialUpdate":true,"showSkybox":true,"showFlares":true,"showImageEffects":true,"showParticleSystems":true},"in2DMode":false,"pivot":{"x":-14.896961212158204,"y":-114.18959045410156,"z":12.770308494567871},"rotation":{"x":0.5980955362319946,"y":0.10901673138141632,"z":-0.08206163346767426,"w":0.7898625135421753},"size":133.65951538085938,"orthographic":false}