{"cameraMode":{"drawMode":0,"name":"Shaded","section":"Shading Mode"},"sceneLighting":true,"audioPlay":false,"sceneViewState":{"showFog":true,"showMaterialUpdate":true,"showSkybox":true,"showFlares":true,"showImageEffects":true,"showParticleSystems":true},"in2DMode":false,"pivot":{"x":-28.353635787963868,"y":8.345502853393555,"z":-22.230945587158204},"rotation":{"x":0.33697056770324709,"y":0.20667116343975068,"z":-0.07672911882400513,"w":0.9155315160751343},"size":1.5300276279449463,"orthographic":false}